Parameter,Value,Error
Peak,6417.363433794586,288.87357266245874
Centre,-0.6804967537376184,0.132775451159263
Sigma,2.5544270566035685,0.13277904373404328
FWHM,6.01521603645949,0.3126707537449662
