Parameter,Value,Error
Peak,129.29595887244685,0.9274393474637286
Centre,801.0433548680671,0.11340483614574196
Sigma,13.694982505168701,0.12219126120961969
FWHM,32.249219319519426,0.28773843122402515
