Experiment Condition,Value,Error
Heralded,0.3032403181818182,0.06562711543315636
Unheralded,1.2474003757575756,0.02190894715194773
