Parameter,Value,Error
Peak,3696.4901380202773,30.745968232910617
Centre,2.1063590263415684,0.2040366513015742
Sigma,21.24425306463372,0.2040366694342919
FWHM,50.026392958309664,0.48046963910522417
